{"ds":{"count":168,"unique":168,"top":"2025-01-31 00:00:00","freq":1,"mean":null,"std":null,"min":null,"25%":null,"50%":null,"75%":null,"max":null},"yhat":{"count":168.0,"unique":null,"top":null,"freq":null,"mean":45.6409902194,"std":0.4789550815,"min":44.7652253906,"25%":45.240211863,"50%":45.6732528821,"75%":46.0584424804,"max":46.4010681125},"lower":{"count":168.0,"unique":null,"top":null,"freq":null,"mean":39.5665020112,"std":0.350664405,"min":39.2110564783,"25%":39.274299971,"50%":39.4397789275,"75%":39.7816262594,"max":40.5176853555},"upper":{"count":168.0,"unique":null,"top":null,"freq":null,"mean":51.7154784275,"std":1.2973344115,"min":49.0127654257,"25%":50.6987974666,"50%":51.9067268367,"75%":52.8425849898,"max":53.5910797468}}