{"time":{"count":720,"unique":720,"top":"2025-01-01 00:00:00","freq":1,"mean":null,"std":null,"min":null,"25%":null,"50%":null,"75%":null,"max":null},"flow":{"count":720.0,"unique":null,"top":null,"freq":null,"mean":50.1485422448,"std":4.2346798973,"min":40.060532381,"25%":46.616018676,"50%":50.290983019,"75%":53.2964514671,"max":68.5441783878},"pressure":{"count":720.0,"unique":null,"top":null,"freq":null,"mean":4.9339783184,"std":0.4291770663,"min":2.2226054942,"25%":4.8593159146,"50%":5.0071889056,"75%":5.1401556679,"max":5.4433290567},"tank":{"count":720.0,"unique":null,"top":null,"freq":null,"mean":66.3879841702,"std":3.2280587437,"min":58.809300836,"25%":63.8593452102,"50%":67.1012968672,"75%":69.1355956302,"max":72.062950391},"temp":{"count":720.0,"unique":null,"top":null,"freq":null,"mean":24.9999929734,"std":3.5364304254,"min":20.0000433011,"25%":21.474312042,"50%":24.9930637013,"75%":28.5306232461,"max":29.9999951888},"rain":{"count":720.0,"unique":null,"top":null,"freq":null,"mean":0.3458333333,"std":1.1596409089,"min":0.0,"25%":0.0,"50%":0.0,"75%":0.0,"max":5.0},"leak_label":{"count":720.0,"unique":null,"top":null,"freq":null,"mean":0.0375,"std":0.1901156225,"min":0.0,"25%":0.0,"50%":0.0,"75%":0.0,"max":1.0},"flow_mean_3h":{"count":720.0,"unique":null,"top":null,"freq":null,"mean":50.1501226147,"std":3.8917892156,"min":41.8654190947,"25%":46.7138933858,"50%":50.2317099754,"75%":53.3714148625,"max":63.7704534222},"flow_std_3h":{"count":720.0,"unique":null,"top":null,"freq":null,"mean":1.8027660635,"std":0.9623322176,"min":0.0,"25%":1.0935589175,"50%":1.657963455,"75%":2.3532894637,"max":6.9599011384},"pressure_mean_3h":{"count":720.0,"unique":null,"top":null,"freq":null,"mean":4.9338877774,"std":0.4020434405,"min":2.389632377,"25%":4.8658996121,"50%":4.9957744124,"75%":5.1416016587,"max":5.3608867272},"pressure_delta":{"count":720.0,"unique":null,"top":null,"freq":null,"mean":0.000090541,"std":0.1629394306,"min":-0.9714367146,"25%":-0.0613634931,"50%":-0.0052939851,"75%":0.0545606685,"max":1.6972835828},"pf_ratio":{"count":720.0,"unique":null,"top":null,"freq":null,"mean":0.0992295584,"std":0.0126068489,"min":0.034954099,"25%":0.093373616,"50%":0.0997136153,"75%":0.1065374132,"max":0.1256233315},"hour":{"count":720.0,"unique":null,"top":null,"freq":null,"mean":11.5,"std":6.9269986396,"min":0.0,"25%":5.75,"50%":11.5,"75%":17.25,"max":23.0},"is_night":{"count":720.0,"unique":null,"top":null,"freq":null,"mean":0.25,"std":0.4333137188,"min":0.0,"25%":0.0,"50%":0.0,"75%":0.25,"max":1.0},"flow_lag1":{"count":720.0,"unique":null,"top":null,"freq":null,"mean":50.1501023088,"std":4.234784108,"min":40.060532381,"25%":46.616018676,"50%":50.3257360419,"75%":53.2964514671,"max":68.5441783878}}